2716,3797,3344,1967,3579,3632,1997,770,5480,4125,5666,4275,3947,563,4176,5291,5843,4838,5820,4224
967,3145,2585,997,686,262,744,2829,4294,4648,3312,4439,3421,3745,5415,4830,2808,1233,2551,3023
148,381,1723,3198,3488,4541,1357,2711,3658,4786,5185,4976,4446,4447,5344,3633,3000,437,3867,1602
7091,6193,1877,2428,4850,5587,2365,2463,1994,2676,2527,1012,6060,2408,6368,3051,3940,2679,7221,4105
1851,2262,3741,154,2766,1056,723,808,40,1583,3671,3155,4250,2201,3254,1995,1992,3799,1446,3434
4897,4429,4318,2943,2014,4381,4825,4614,2368,5560,1591,1407,1825,1987,5190,4550,3563,4602,4109,3670
508,3094,2275,8427,1021,4834,8406,8800,7733,8850,4894,6269,7577,6880,2467,231,1021,2996,5306,340
7064,8128,6684,4823,2404,1430,3932,246,4458,5169,7741,5178,4872,2345,960,5745,7517,6088,5297,6112
9839,7712,4966,2521,4325,6732,3537,3360,2093,9884,7315,8742,3533,1700,2472,2271,6283,1492,6487,8470
3869,1221,374,3106,895,3947,1759,5791,2840,5097,5675,1397,3621,4476,1273,2098,636,2037,486,468
11816,9028,1465,11952,6672,716,4099,9595,12422,2291,2974,1732,2223,3839,1215,11618,10030,10323,11407,10910
3476,6089,4477,4524,1200,532,2838,3967,74,4521,3474,6896,6048,4741,3204,3409,4236,1817,2153,2084
280,725,3878,4353,3388,1414,4087,3404,772,79,2516,3116,2940,3851,2606,3745,4085,3519,2510,3951
2821,2867,867,86,684,224,3291,5617,7013,3513,6403,2064,1301,1072,4175,666,6347,4971,1904,4040
2546,4118,4300,1932,2898,4083,7183,6806,4109,5438,3528,3092,3918,3242,1503,448,5411,4496,323,3648
2128,536,1620,5964,2532,3052,1841,5667,5433,3612,916,2215,233,4442,6231,4727,6174,5369,2574,2408
5818,5155,7425,8087,3940,607,5480,7566,7886,6994,4121,1247,5501,1722,711,4183,3611,3556,4107,899
3065,407,4657,4417,2586,4482,3125,4384,2059,4492,4578,5081,3619,5893,4635,1315,3773,4846,5757,4671
9930,9583,5577,622,5522,1554,7507,7513,7891,9832,9178,5040,3540,2500,4995,4082,802,2660,4096,46
1520,5641,3664,9382,6173,5573,9115,5345,8509,10868,10430,252,2608,2010,1445,6056,10412,10917,3747,9251
3361,2363,540,3914,4887,154,2672,2586,1404,313,2639,3285,3637,2046,289,378,1412,4923,4544,2182
4457,2397,641,765,631,2892,5555,6718,2689,2355,5250,1974,3983,4839,1170,363,3866,6704,3162,3062
2915,5752,1271,467,1432,4869,2471,3208,8567,8246,3062,7968,8443,1996,1551,6867,2207,3815,5936,7332
2886,480,4453,5215,4461,6383,4744,1689,3030,2120,821,1323,2004,6749,6497,1556,1631,4041,3076,2120
1628,6140,6993,5937,7928,7546,5987,5964,6518,4560,1251,3784,1744,2303,5094,999,2632,3988,697,1718
2095,7990,6914,923,5355,8404,2554,2864,6092,8829,5737,7521,2721,745,2135,6521,1511,855,686,786
8162,3270,10059,10252,7317,10534,5317,13061,13210,3669,25,4190,3000,1612,5017,917,5534,4094,12229,10197
7068,6937,3492,1499,1340,2737,62,6045,1399,1076,596,249,734,3627,4109,5846,6117,3969,5282,2717
2173,4268,7283,7551,114,4451,386,3765,40,5289,4642,4106,728,358,3492,1217,781,1345,1209,512
9890,7214,3752,2842,658,165,4079,4147,8583,2330,5477,5292,3956,5477,1018,4406,2085,1383,8425,11313
5170,2061,1383,1440,1402,1411,2758,1805,873,1878,133,736,4223,4478,4381,4803,4078,5312,1637,1374
1584,639,2694,4249,2948,3959,2107,188,876,881,540,276,1425,10,1272,828,472,578,702,938
8253,3904,5764,4400,6510,7442,5901,2078,8709,1024,403,3413,6111,9431,5517,5618,6642,7914,5926,918
3005,2176,5049,4698,3731,576,738,1873,4773,1038,808,839,4364,5330,3851,5251,5300,788,1507,4275
2751,1899,9175,4578,5859,5360,3334,1462,1141,658,1495,6438,7208,5648,7469,316,3102,674,1155,3202
4116,1207,7977,8205,2672,7306,3187,5906,6983,5961,138,618,738,4313,344,1106,2077,4373,1900,3453
4305,4406,781,1758,12305,9354,5673,1183,10465,6383,774,3004,1468,7276,11219,10652,10785,4501,8644,7891
2471,1546,2957,888,827,766,5587,5353,4542,370,2706,1895,2150,2038,2299,3427,3524,1395,1283,2679
5996,4511,6977,6766,6227,4910,3038,3229,1203,1356,3534,2886,3553,1357,5807,1454,2359,2647,574,906
5413,3778,3897,1231,3179,5776,2468,4066,3745,2526,6926,368,567,2104,2450,2573,4270,6916,6840,5517
2706,221,1258,2746,1790,872,1270,1779,633,2426,1864,1259,201,1987,2402,36,332,3520,3718,3676
4993,8124,7991,5814,8535,4777,2216,3988,8325,7156,5033,3873,2086,2897,6236,5921,7300,2724,647,1720
4452,5057,2045,3429,4046,313,2854,2436,3565,1789,2026,4207,4784,3931,3918,2324,1419,845,87,3409
179,2913,3345,2326,1690,3973,6661,7573,6469,2552,6477,2273,3137,4410,6676,2618,1501,2860,289,910
3768,6446,4422,1764,6371,3186,6095,645,908,6812,1416,6948,2565,1669,1795,181,2890,1015,1520,913
5183,6284,5808,6275,6163,2905,2529,1543,3067,1695,2101,232,4822,2431,6369,4537,6330,2216,5103,6374
1900,3878,279,1676,6222,7105,4098,339,958,6764,2989,619,6812,7260,4903,3772,1113,1925,4257,1845
6261,1699,834,1621,1806,2538,1928,7762,7176,7223,6506,8452,4822,5424,24,1698,1494,1541,3587,2504
4114,555,34,859,5519,4847,4890,2436,1230,4570,4318,4921,2410,772,3840,2491,4632,3894,5658,2696
110,1027,623,8604,6211,7591,4859,4081,75,5902,5454,3120,255,1095,6223,3968,8473,2987,5627,1784
846,3920,1745,2369,2440,3588,4280,2346,5950,2404,883,4803,2264,7072,3839,7024,4473,3865,1507,642,216,3865,76,352,3872,4368,2964,6022,2490,4163,5688,1583,4657,739,842,7012,2495,3030,6082,3517,1529,1322,3243,3253,6771,4756,2241,2280,2192,6637,2045,2769,4253,6021,3715,780,6841,6299,1730,6637,6200,2461,3385,2630,7168,5246,1171,5113
8378,7565,1662,5020,2288,3426,3926,8636,663,855,111,1869,4315,4864,7374,8301,5548,1789,5297,8425,7458,7004,2480,1860,6744,1018,4265,8532,5108,5338,5167,7508,1794,5638,1155,1488,3866,5229,3846,2225,5921,1001,6985,7911,2137,7462,6735,5234,8621,4613,5463,7017,8723,7608,8310,8621,5710,2338,360,103,2409,3334,3397,6481,1109,5320,3202,5829
2110,2977,5573,1456,2986,8394,5420,4529,190,4859,2704,3730,2700,10262,682,60,3694,2895,3104,1829,2092,9493,9898,8074,5566,2240,4262,8139,10986,4377,9317,10869,99,500,1109,2661,5120,12251,8605,8238,3654,371,5573,2999,10462,4932,9890,11375,10492,7014,1183,3901,9768,6055,4066,7843,7096,8873,1943,6719,9728,5270,4371,6573,9864,4347,8841,8478
8352,11033,348,4379,9091,1726,4243,2534,2976,12211,3709,11614,5881,1810,2505,3427,10755,10406,7634,10069,7935,4384,3451,6572,11681,12060,12293,5737,9949,4755,4464,3832,2806,4918,9718,9067,10908,12349,12354,8261,592,304,1358,216,8798,9822,1819,4495,4484,7302,386,8882,6482,775,2779,11938,4799,8001,4164,2837,2709,5757,1846,5387,8578,11612,5532,5887
2141,4507,2494,4209,1855,6031,6410,4659,2678,1277,2240,2848,6277,2952,6553,5387,6610,3829,6343,1258,582,930,5645,1247,2543,5141,3371,542,2225,6159,1059,5787,4113,643,5243,2793,100,401,4857,4624,3909,703,5576,5657,2941,3827,4956,2270,1175,5919,1725,3042,2225,3919,2252,688,6592,6,5981,648,4645,193,4113,6024,5253,1025,5995,640
933,1612,302,2340,2849,2795,3269,5384,5698,6904,1246,5324,1082,4917,6648,2178,2527,1457,5248,1721,2805,6823,4010,3578,1046,2738,2927,6938,4076,5228,6432,1908,1283,169,1296,1844,3205,994,5860,5594,6471,3245,4554,861,3463,6822,5638,5102,2941,4474,2137,4196,2849,4676,5117,5785,2254,4508,3299,795,5136,4031,374,752,6904,2328,3818,2521
7717,1297,5407,3054,6137,3985,1056,7689,1888,2307,3894,7847,6143,5919,591,5589,464,1056,4946,3929,6672,6510,3522,7389,1395,3547,5053,6338,3573,5728,3044,557,3045,768,1565,1237,1375,206,6474,5236,85,3980,2561,4548,6554,6870,1313,3722,4306,6376,983,1718,7663,4008,2950,1272,1654,2419,6508,3158,6723,4008,7742,879,747,5695,5407,3593
39,1612,4810,3452,598,1155,4612,535,561,2880,4126,2904,2604,2591,625,2532,5575,2900,2410,4609,1756,5448,5873,3247,4183,5419,3485,4965,919,1867,6069,190,33,1548,3447,1585,2940,5684,983,3954,860,913,168,2320,587,5104,6089,2428,4528,444,3047,3414,3728,4274,5135,5276,5091,1916,2044,4427,1413,2225,1964,1959,5145,5268,5070,1532
7546,5042,201,7681,5539,4214,8151,6789,4161,506,633,6250,3161,2539,5468,1240,3201,3272,2676,6378,7110,5397,3064,3380,2732,3879,2887,7554,5721,6621,7293,6974,3197,3049,7056,44,6388,8320,4842,2366,1273,169,4617,5092,3557,5466,5447,4904,5795,1422,810,4787,4722,2582,6051,2178,6796,1845,7174,6325,7773,6818,3557,2779,5036,129,1955,439
2108,64,3770,2576,5755,899,2011,3081,2278,1140,3191,5738,3230,4615,2207,591,1797,561,1587,1439,2780,5062,1447,4587,5052,350,2486,113,4274,3989,4333,843,413,5833,1517,2073,1467,5983,474,1405,235,1704,3478,1347,4886,3865,1316,5623,569,1191,5990,4325,5054,1523,4449,4905,3716,4773,5750,4274,197,762,2286,2196,969,1351,3912,5293
8371,116,12433,4945,6401,2534,468,17578,2533,8136,11117,6156,11416,17617,4757,3242,3030,1118,10920,2362,945,17311,1661,10543,5484,18051,6582,1312,2464,15679,600,3812,11029,1161,8018,7802,8647,9316,9070,17033,2640,6211,3623,9794,17013,10611,16189,7419,2047,11694,9000,5336,5128,15460,10569,9544,12513,5034,8514,939,12690,418,15025,11439,2362,6500,15174,11027
3081,34,1674,7247,6233,1063,1293,5837,8816,2385,7865,6537,817,8768,4234,2400,1696,5240,2522,2121,8099,6880,3551,4399,1573,609,4718,2488,1870,5474,4049,4018,3529,8099,7263,6512,1367,1618,3642,8293,7155,4639,8221,223,5779,232,7128,5374,1622,1029,3222,9205,7330,5332,6106,9234,260,2821,3711,2137,270,1976,5132,1261,4095,492,4625,6769
3214,725,59,1363,5588,2028,3045,706,2453,3551,11448,6132,10227,5963,9061,4268,10538,8353,580,7103,1736,3205,706,6265,8653,3353,7248,11619,5640,11398,374,7274,6730,1322,1627,4931,965,4297,2206,7969,5241,1104,3463,9014,8893,278,10298,1287,6419,7919,1425,11809,4859,9128,1138,5174,10250,7151,432,11100,2278,8918,11145,6811,4002,6135,4248,1147
5543,6302,3112,3265,4633,3433,4282,5806,1774,5335,5665,2245,2128,265,541,339,2780,1458,185,2593,994,535,773,6065,1269,3232,6165,5306,1144,375,4228,66,654,4012,71,5651,511,1359,918,3325,1741,3370,3976,2387,4363,54,6046,1167,6014,999,4205,5047,1608,783,1234,2877,5970,1604,1284,2698,3912,6069,971,4180,5492,1662,2776,1859
5503,1591,859,2711,1169,1197,1718,1787,2701,3919,4112,384,5427,3696,5330,933,5346,2675,5234,2638,2099,3804,904,5655,1455,388,2679,2041,1201,2590,1546,1696,2262,5334,719,5437,5381,0,4572,5502,3740,2372,2808,3645,956,5393,5442,1839,651,281,5036,4467,3074,48,3196,4264,829,2212,5078,2959,2571,2627,3014,4141,5304,4635,519,593
1681,4315,474,2359,2602,2002,3072,1240,1025,602,1788,3739,2411,3070,3169,279,4141,2961,2845,4191,2821,1496,4065,3628,1550,3100,2864,3312,1593,635,1052,3485,3864,1275,4017,4221,1993,3741,4567,4038,1328,1037,2600,2536,2235,1055,1740,3196,1593,3169,2523,2108,1590,654,1037,3041,2490,4251,2037,3575,3139,1644,2612,3327,392,3845,270,3238
4100,3815,2464,2201,1551,4223,4688,4352,2949,1138,3779,559,4028,3344,4223,2430,1742,1600,210,4206,4900,995,3931,401,80,4110,3056,2080,595,4778,2829,2784,929,1170,2758,3523,1256,5018,1366,3446,2077,4637,3938,1801,2858,4179,2385,4472,1778,2949,2464,4413,1359,3538,1703,5139,4073,3624,960,624,3221,1109,218,1877,1011,1613,1801,1040
5369,1952,1664,591,93,6786,1287,5839,5324,6791,6726,4286,4600,2228,1847,4364,132,6731,6747,1867,3855,7368,6911,5377,1652,1617,5092,58,538,161,4219,5086,7396,2535,2898,1771,3887,72,1532,4237,1845,7336,550,6611,6059,254,180,6180,747,709,2118,6339,2762,4912,6344,5641,4568,1657,1778,930,2636,213,322,656,3771,815,1587,1478,4886
4495,5107,4602,9446,6240,4015,2492,1593,2055,342,2768,10602,9798,3082,5283,2725,8859,10385,9783,9410,9549,1801,7507,10761,2536,2626,2253,1428,4054,6528,10318,9181,7624,1181,1498,3287,2871,3653,5061,7761,1028,3760,2069,3099,3499,6810,7197,3261,3661,9612,9955,5165,1572,8363,11073,3899,1410,8674,1577,1982,1509,7841,2918,8862,4946,6942,5533,2995,10474
5961,4944,2809,2512,2257,596,6548,5635,10018,257,3160,992,1766,873,9035,4261,6223,12652,2345,763,9991,1251,1132,3185,1009,5779,480,11063,11961,10897,10745,12170,10823,11707,8346,7706,4648,11797,9189,11532,9182,635,2361,6082,3128,11186,12972,5969,325,2074,4909,9794,4373,9005,6236,8649,7859,7967,1168,3201,2773,8300,3566,4779,3722,3674,9260,7203,2650
8687,1897,6604,13280,14465,2306,10597,14706,1210,5415,14849,15031,10203,4240,4343,15192,12166,4216,2133,1923,11589,8690,12090,14397,9895,9175,9674,15078,14234,9069,3090,3144,3210,985,10594,10651,7732,4179,4076,12748,6995,7704,6607,11023,9171,5618,1489,908,6888,7827,4810,4416,5407,14272,15039,10740,12032,4383,571,13097,13819,15345,13819,11304,618,2764,14834,3229,1137
2976,1344,4175,5022,4717,2848,4615,3151,1268,6546,3943,6241,4776,2399,6195,670,2900,4299,1757,6136,4825,761,1862,937,724,2560,528,2841,4201,4656,5655,4588,1815,4239,3988,5964,4200,1114,4336,1764,3567,5582,2963,3661,192,0,360,916,3101,3748,5720,4325,6045,3391,3010,2186,2541,540,1896,6512,1228,5510,6551,3124,1672,2096,1829,1233,6274
1796,4994,1426,8832,5446,7590,3587,907,10203,2448,6879,8331,2018,5560,740,4942,2180,7784,7917,0,1896,2438,6103,670,1353,5600,30,7380,6796,6616,1525,7917,9615,10485,5509,2197,9706,5595,5927,5838,1217,5887,6352,9250,8016,890,2547,4450,3545,6116,2011,1314,9183,4185,884,8258,8865,2879,4144,9536,4180,1045,4904,2229,10474,2499,3246,5740,6138
1373,1884,3427,796,374,635,1812,1204,1453,3223,14,5120,3647,913,749,5357,1806,1460,232,596,2382,1028,1377,906,1524,251,681,2586,352,3655,4241,2850,525,2171,2364,2817,801,1868,1341,2069,5217,3492,4140,4684,2014,2012,1231,2625,2342,733,2108,163,760,5057,2154,4880,1208,901,4300,3845,3575,5066,1551,871,834,3750,1561,630,3595
7735,3290,8236,4980,2370,9990,9769,9224,7516,2561,7311,5232,4918,3222,6018,10144,6410,3123,3985,7689,4280,2382,2271,6069,9681,10307,6148,2722,2246,2011,10018,9032,9480,8273,1781,2427,3231,8866,2115,5989,9294,4575,2120,5415,4578,2552,3210,8217,4081,8035,7654,6818,2516,1545,1029,4515,2602,9532,1789,7915,1395,2156,10378,10143,1919,8918,10023,9398,5488
3687,494,3283,2896,5721,5858,2327,5690,1666,505,3431,5160,2871,2260,5655,3602,4893,4280,1633,2343,4043,255,4914,2820,5299,3849,5860,2386,4331,2470,1834,3911,5656,2515,23,5657,4801,5282,5663,86,1226,1793,3910,1417,807,3098,523,3869,0,5593,4389,2031,3977,4335,5090,1950,4151,774,2234,4444,850,5719,5396,2497,2796,4960,1867,1831,3647
7565,4024,5502,7114,8153,3152,1999,3361,6329,5218,7881,2681,312,279,5072,1772,2066,3429,6636,8119,281,4196,2557,441,7181,40,3098,2538,4006,5203,7367,992,4188,1763,5933,7355,6504,1308,92,4086,2736,357,4594,4441,7556,7029,4148,2097,1440,4238,1106,4240,2008,2122,7778,6195,8341,485,36,0,1534,7237,5972,2067,4666,2285,4065,3703,8206
4912,10662,10687,828,2567,11577,12242,4270,11262,9716,2917,12923,979,182,1828,8402,5725,447,12884,12880,9960,12715,8914,3273,13818,8194,13657,13983,12950,4978,7883,8201,3843,4370,2771,13676,11230,9971,8892,13666,12464,5470,13260,4163,12167,13193,8196,12412,14198,13895,741,11850,12577,3960,427,9375,6409,7421,12327,13696,9417,11273,6767,8168,7460,5505,11644,9771,13541
7341,162,3203,2827,9980,6475,10949,9799,1759,889,5436,1608,10411,11135,7284,2949,6102,9559,12717,15296,11893,9237,12511,12612,14419,6992,11691,13451,812,4185,491,5094,7770,6438,1695,6040,13061,11907,12949,9196,2687,15018,7742,7234,3227,11672,8909,14094,3256,6525,7154,14110,8759,14644,14732,5481,14412,4430,10089,10798,2288,693,2580,10204,12308,11195,12953,7280,10225
6134,3816,1163,15353,7081,6341,17184,11149,10670,13472,16790,7549,7321,10337,6296,2353,2793,5246,1179,7090,5273,3182,277,7230,5198,3513,10400,16959,1733,5176,3527,1171,8897,3773,12633,1036,448,15244,8332,1570,1022,4347,12806,10024,10362,10555,4201,9402,15409,11507,1775,16487,15441,15075,13949,8194,7131,9119,1021,5574,3297,16339,12534,10608,17361,6294,8252,8735,2357
2005,8010,4425,212,732,186,12510,13790,10574,4242,4813,10088,24,10664,6329,8089,6032,2013,7712,14219,12427,3228,1012,1777,499,3104,5794,6929,513,1388,3352,718,6774,6532,9881,12835,11770,13245,10219,10897,11979,11218,8400,8614,209,8300,14213,7371,10398,9639,12323,12210,13569,13882,7673,13117,2448,10169,3171,2497,3083,2899,9612,12101,2789,2982,9631,10899,11348
7468,2714,865,790,355,1923,1069,551,3256,8112,1581,3517,851,5629,6823,3057,4038,3188,3736,4816,6264,1682,2788,6498,1044,229,1741,3494,8,5836,4222,6071,4442,769,1587,418,1658,4831,1452,8092,3412,4830,5932,7864,4695,3145,5597,5238,3110,3329,7134,6924,5563,1452,2510,2187,2537,3627,6349,1529,854,2582,706,2502,2220,6822,5821,1639,3301
1763,3519,2411,442,3556,5890,2253,4561,5081,5203,4253,1234,4341,1288,4403,2592,855,685,1114,2233,1307,195,4558,3970,520,5141,5708,3174,4323,1629,34,3798,0,2701,3320,2303,905,2017,5121,1044,2843,28,2318,2560,5592,6000,4729,5023,5983,4688,1900,1085,724,5500,3721,2610,1119,4813,5196,4597,4229,5846,4085,5450,4220,6174,1791,4615,4270
6633,886,1482,1890,448,1860,8170,1831,4030,397,2514,2315,6355,2503,901,1194,4923,4230,6633,2187,1236,7625,2809,3103,6436,4388,7945,6126,8503,459,287,647,718,7758,5880,6301,3613,2511,881,5670,2118,5887,772,5987,798,769,7473,553,7815,1929,964,1297,4244,1448,5530,6762,6991,1478,2246,8075,7412,1431,4247,4804,1393,2135,6707,6203,6667
5358,1118,1511,1545,10619,8196,7675,7800,311,3246,1467,7936,9160,10393,4537,3179,7713,2686,2219,2032,1498,4737,8664,1548,3122,8421,3360,7061,10330,1513,1144,10197,1521,659,4363,8548,2186,2373,10243,345,2429,4705,10533,10322,8872,1178,9863,1521,256,947,6623,7583,7934,4620,10405,1203,1679,1966,4847,9143,4598,5578,253,3408,5057,99,6075,9816,7071
10150,6384,5064,10060,7873,4549,7935,7689,8183,1762,1001,4234,1111,1868,2545,4262,8333,1087,6470,3309,3463,1281,3285,5612,5314,9272,1600,1340,4768,3501,832,4125,3836,788,6038,1791,9249,5423,1753,6836,3139,1493,4032,1418,7022,3716,2280,402,7459,9707,5298,456,7783,9892,147,364,2610,1076,8258,8630,5649,2937,4856,9691,2197,1983,129,6437,2465
4860,5152,5897,1059,1739,4235,5828,30,885,2924,1715,1240,3440,4384,5025,5826,2502,5030,2263,6563,6490,565,876,2884,1353,6427,489,1461,2233,4719,4791,6166,2048,6824,4995,319,6736,733,2629,1533,203,997,252,2974,4354,2042,856,2093,1643,2700,5622,3829,793,6393,1381,6281,6251,879,468,4067,4076,521,5783,6665,451,2974,6579,1138,515
4329,120,1143,5723,5976,1923,3779,6095,2947,4285,3831,6331,7841,1092,1778,7481,161,3928,2315,8058,5224,5670,6109,233,510,6112,7316,7334,3104,4052,7107,1060,7669,1092,6263,1464,120,894,646,6537,4861,3687,4895,2981,6584,1172,708,3299,6668,319,3213,1711,939,1807,4226,5448,1278,7718,1347,2799,4638,3442,7786,3859,2269,132,2562,1950,1465
8016,9846,10404,4236,5477,6352,203,12319,13046,5850,12215,12630,11497,13101,4949,2371,8204,2881,5585,12554,12911,6219,2274,2553,7856,1114,4004,1826,1321,12647,8553,3370,4078,6525,392,8795,498,7232,2882,852,2230,4279,7276,2598,665,12594,12308,10670,13161,12476,11204,7153,10046,12101,8800,6464,6239,12415,8082,12467,7641,4874,9009,8484,1558,2316,5384,8468,5197
7744,6529,3396,7780,4723,6153,9120,7030,4357,2677,3722,4559,7110,9809,6885,6828,6929,2408,6728,3910,1786,1430,2227,5406,5578,1323,1979,144,1868,251,107,4785,2934,457,7215,8308,3633,1525,539,8138,2805,4709,6125,7873,342,116,793,7625,8138,2608,561,5448,4244,4213,4900,5834,6337,4325,1674,2762,1749,8883,7372,1007,4268,8021,7291,9588,2268
10287,8931,4175,3339,11185,847,9446,2021,4827,12296,7324,3009,543,2005,1865,1188,5065,5608,11261,7018,486,2393,2437,972,11226,11804,6665,1454,114,11792,2381,2165,2932,1399,5193,11878,4807,4797,8134,7823,957,8573,428,9840,12098,11833,12511,9717,1013,4441,11412,1552,5045,5878,9060,1247,11956,3437,10043,1217,3282,1738,11503,8217,8881,6267,3454,993,10282
5203,4628,1404,9207,8582,7321,11360,9454,2398,6401,639,4472,1221,4614,9029,4797,12379,12333,6409,5775,4128,6347,5774,11143,10477,2648,2331,10372,8917,10193,12317,11014,11633,5003,8437,3242,11014,10154,9720,5206,149,5107,6328,4326,11246,7324,10844,6082,6590,10876,3839,5148,649,3274,1533,1328,5761,5261,6471,2695,7243,6308,4984,3230,11574,4916,6000,7856,7267
3664,3649,1648,2323,475,7791,768,1176,7567,1525,10657,7803,5016,407,101,3296,5656,4034,6808,4228,2176,8341,3673,938,4545,4499,5971,2019,8299,10430,1547,9646,7268,8630,9820,6554,5355,1489,3359,9928,3102,5867,1965,9870,423,2976,6431,9464,5873,2351,609,4670,10796,4303,418,9028,4682,1082,2330,343,6709,788,1871,2001,4596,2897,2324,6280,1521
2574,4252,3137,7691,1637,280,1097,8862,6558,181,378,3105,7795,7658,6384,3531,553,3537,8630,65,5327,5665,7286,7315,6849,4193,1982,500,2002,3773,8505,2266,193,3918,8208,72,7021,1796,2836,386,650,2188,3479,571,749,8648,7809,1646,1112,4681,7476,3955,1728,805,5930,7227,937,2770,4563,4257,2883,3868,724,1186,3352,6495,7149,5265,3208
7,3015,3748,2246,1802,3787,3945,960,396,4886,2195,4805,659,1772,301,2252,2,1671,3210,3037,3868,2104,2858,1660,5475,587,5478,28,3150,727,4092,4883,469,1362,5732,2881,1539,4797,5767,871,3443,4476,30,3727,2539,2336,2248,1561,2791,3307,1536,3166,935,4326,1206,1044,6338,1166,747,1618,2634,1370,4450,4546,6279,766,5753,4144,2131
6099,50,142,1993,2408,7727,1706,1990,3017,2219,151,401,1831,3048,5999,8629,8375,336,930,238,4907,7249,8123,8496,1448,7945,659,7716,6095,7714,3965,1202,1334,3777,3098,2721,942,2584,8460,5448,2976,4937,7830,4636,957,7251,6001,2151,7442,3140,2747,3795,2659,7194,1949,5080,2968,1056,4011,2825,7825,5122,8473,5929,7119,4705,760,1460,7648
2805,3714,143,1886,4573,839,1703,5084,5304,2579,208,1305,2207,1868,4217,5483,3414,2818,3568,4005,5689,94,4622,714,4428,3841,2253,3135,2403,1806,1853,3746,1208,3884,4264,1938,1139,5026,5494,1516,4092,5796,1486,5956,5247,1872,4428,5198,5722,5218,1670,3172,830,4127,3181,5624,5113,1114,5375,39,4525,1880,1821,1536,3793,4634,1818,3847,4567
4244,2185,3977,1739,4581,3071,3852,3907,4554,5726,5678,3873,354,4184,3806,5634,815,3916,2974,1571,4759,5657,710,309,400,2188,387,130,1184,2540,823,297,5370,1236,3866,4738,299,1132,5634,3484,1205,447,992,1428,2371,6306,2468,4966,453,34,1568,1989,5326,1839,1028,3848,844,5779,503,2555,5712,4469,2766,82,5453,3570,1328,3494,4071
10852,2052,1692,2282,7133,11969,4953,11609,10968,10347,7307,8036,10804,9741,9454,8747,10542,2014,123,9204,7962,3413,6249,7846,6662,1080,3044,12385,8036,2172,7446,8459,2915,11878,6733,10020,9621,683,4327,2196,0,9940,6295,10287,8949,10919,4987,4327,1625,10678,1161,1835,10847,5556,8375,3295,7022,7347,9873,6592,462,7959,10859,1184,6592,12303,6432,7221,10125
8379,6119,4360,315,7756,2734,1890,2863,3411,7582,8533,668,2648,7361,8223,8268,8628,7042,9168,1204,2248,3351,3720,7347,7002,6640,5273,6374,618,2909,2830,7810,7117,8617,4491,6826,4658,4425,1963,487,8751,8122,43,8103,7703,4108,3662,6838,4998,1881,1458,1263,131,527,6280,2634,4474,864,721,1331,2856,5030,8217,1253,894,712,2578,2009,5731
564,189,4002,3513,1779,4293,2564,3723,3950,801,2172,3973,3691,460,613,149,2209,126,560,3944,1259,0,2763,3600,3377,2193,4152,2705,915,2554,1864,4056,3468,4220,2920,3682,1188,1440,3357,297,4186,4123,3423,2552
1296,1492,2894,2838,660,2339,844,1332,1740,4534,5749,1408,3480,1966,1006,3158,2317,3664,5969,5293,1930,3245,4643,4838,5653,4730,2936,2117,5765,3857,5058,2120,1202,4514,4029,1174,5558,785,3208,3841,1899,942,3286,809,3469,2562
209,3062,3148,4514,4866,4652,1431,4069,4496,163,3902,3944,3637,3309,3534,2486,2714,4879,3428,3300,3947,1581,818,227,2222,4896,2966,2551,2819,743,819,560,2576,2025,3713,3120,1033,359,2642,3437,3818,4469,580,2233
4811,5099,2807,4198,2419,313,4690,1376,902,2735,6367,4548,6555,138,1956,3707,3630,1131,1855,1,891,2169,2962,3870,5519,3398,1483,6771,3602,838,617,3693,3414,5733,5087,5423,2168,1534,1565,4490,6759,1072,1353,3657
5101,5469,1855,404,5171,7431,6656,8111,2947,4511,7818,3564,3539,2800,8421,2389,7939,6609,5978,3406,5245,5672,3524,5363,6627,3467,2954,2068,943,5532,4854,4160,532,7098,7266,5750,2888,5951,6589,5177,8067,8259,7920,4458
6042,7460,8694,1635,2039,7075,4783,3068,2856,8614,4012,8567,7069,9464,6557,7243,9261,8723,6995,9837,5566,332,8798,7215,9598,3775,6753,6497,6218,3458,7447,7166,2898,7505,6083,1147,3715,888,3528,6764,3282,8614,5469
136,291,1978,1550,1128,1054,325,3054,6719,5244,3561,3607,6116,2764,2734,1611,387,2945,1917,3945,4820,3482,6332,4112,6254,1470,3234,4163,1080,377,6462,2384,4960,4880,7140,5710,3893,1484,3760,6877,2944,384,2153
6390,3326,5564,3032,2680,1352,3693,1014,1642,5120,3101,4098,6369,6532,5871,4186,1224,2453,4870,6257,1308,328,1329,2647,5471,2624,6278,4451,2261,1007,4440,3381,711,4310,5736,709,2607,2750,3455,1117,997,5993,6281,6543,5527
2423,4003,5540,3455,2480,2940,1379,3090,421,4612,493,2640,7482,4640,5325,8352,3914,4361,1210,2140,2468,8081,3809,7906,4540,2079,2050,4720,4480,2764,4626,7105,3189,4266,1492,744,3579,6035,7556,7189,7934,7162,5945,1272
1816,1448,679,529,1788,2346,433,3248,3753,5324,3141,721,959,3433,812,1834,3088,3679,3541,1917,2671,5190,3737,5697,985,6249,1372,4365,1578,1346,3669,6313,5097,2005,425,1193,2780,271,402,434,2817,1406,1362,1506
7271,3799,4747,2713,4212,1227,2824,7378,4512,3464,88,5666,7517,1488,5734,3069,5691,4424,3103,5328,263,4498,6007,982,1756,403,894,351,1604,2471,3097,6764,6943,2010,5363,236,739,2678,605,3987,7476,7372,4496,7007
3776,3806,1243,1360,4274,2669,1728,4999,4110,4333,5248,385,3029,50,3864,3235,2074,2941,1000,335,1234,383,5991,0,3796,3000,4855,3462,581,6569,3738,5725,4714,3447,3498,4370,1330,1960,2796,1480,946,2595,2852,949
335,3371,500,749,1028,3045,775,2171,626,195,220,3462,3961,285,233,685,1028,2446,1267,318,3401,1080,216,3005,1225,1353,551,3567,3285,321,256,369,2305,3433,1390,1759,1157,3310,175,1534,2839,2812,830,226
2541,422,855,136,1915,77,1742,653,6,1052,370,2072,1802,3,2874,2436,49,131,3777,3608,1383,1429,327,2909,2732,2379,2820,1064,2413,1021,2997,3162,3066,448,1315,1003,975,3714,2461,2383,1814,3467,2405,2239
424,769,3027,5456,5269,2227,4389,3114,4047,5212,4621,5621,1278,4704,3693,3393,2487,2728,5432,3341,154,3083,5435,5027,2785,3046,441,2938,4300,4034,4209,3974,4240,1778,5541,3696,270,2954,1199,4726,3904,3352,1968
5715,5059,5394,4054,3404,1220,3550,260,2469,2142,2680,1338,5832,6504,4517,4642,4165,6950,5281,5664,1839,5165,3885,5264,6901,284,468,224,932,3904,5415,2885,4387,2183,2903,844,5432,2611,4762,2891,6756,5270,5672,3719
3040,2346,2107,1205,2453,640,3852,3103,4118,3353,2405,2612,4082,1814,825,1079,2379,1180,3948,1943,1211,493,3081,1675,2369,2780,3073,2569,3231,469,194,4011,3553,1947,3108,2807,2104,2714,2069,2257,1728,1885,2301,272
324,4404,3016,3414,4504,5286,2145,6123,5532,4811,387,4041,4700,2992,5010,5344,420,1219,4880,5546,6777,1908,1861,7085,6570,2866,5634,3441,4197,945,265,51,519,498,2474,1853,2335,4412,3416,5911,7058,1072,722,627
709,526,2262,1131,917,1579,2479,5242,5696,510,1998,2702,4100,122,2347,4671,5113,1851,601,3511,5864,5939,5658,5142,1308,3783,5027,5154,5039,640,2877,6026,4189,4343,3913,3973,1834,3550,3735,4636,2368,2416,2235,3092,3014,2786
4992,5302,64,433,2700,1495,1681,5321,3942,2210,2023,14,41,2052,4489,2037,4398,5022,141,234,1249,2824,475,879,3143,168,1513,5325,1896,34,611,86,2520,1755,4043,2257,2884,4445,5199,4109,179,415,849,829
5945,1741,1054,2815,5471,6967,3116,5545,7290,7095,6551,2854,3458,887,1416,2588,4746,504,2533,5213,2749,6619,1797,2233,6834,6692,5386,2511,1683,708,5092,1273,5543,6834,7079,2145,6346,3598,5594,1346,1033,1371,3332,1548
5475,2068,5497,1264,4413,5087,1661,5231,6760,968,5884,1249,2917,1093,1484,1795,2792,2516,2836,5540,6606,1260,5342,6888,3911,4441,2300,1898,1402,2414,7323,1488,2073,2555,2512,3208,5142,1828,2940,3179,4751,4066,529,5551
1026,4864,432,636,3721,5136,2741,870,5003,2868,2838,4693,3208,910,837,2440,3476,586,519,2739,3029,341,3557,3883,2183,823,5525,605,771,1642,421,362,1880,1392,1278,633,4751,1742,5370,5419,2379,1638,1045,258
6995,5360,3214,4447,5600,6994,4074,1772,881,1118,2941,1566,1813,5936,5352,3691,3987,1478,512,6358,5972,3911,1398,6070,5760,6669,5710,4303,6630,7025,5766,5951,6106,2247,1095,2433,643,2188,1132,687,4209,3306,6343,2825
604,592,570,137,2556,476,2796,3731,4933,4658,3027,1610,789,1708,610,2673,1356,2716,1852,431,3394,2087,1060,2383,3949,5264,3416,3401,3009,4108,3436,2399,1439,3264,3760,700,2412,3030,2228,333,2107,733,2663,2820
3278,2383,4923,1361,3071,301,3304,4237,2638,2158,7128,6317,1076,1770,3662,2206,438,1430,6279,7372,5596,177,1952,1032,2597,352,4929,947,3071,3115,588,1722,1117,954,2986,2002,4492,6129,7527,6661,2351,471,1779
4134,2482,738,2736,253,3120,4556,5132,576,3816,679,4753,316,1181,737,253,2811,1621,5223,1931,428,5291,5257,4466,3042,1503,5424,4252,4781,80,51,1326,904,1854,3351,3041,2838,1521,41,1915,61,512,2832
2209,4702,3650,5992,3452,2919,6502,2537,2384,1444,4940,2793,3133,5289,7425,4922,5589,5870,4523,4752,5910,2004,2104,239,5519,3274,6589,5772,1963,1608,589,3930,7375,7323,4320,3570,6603,5852,5305,5221,3484,684,6457,4246,1544
6034,2054,3410,1055,6811,3917,3818,6993,3963,2108,6823,7088,1439,347,1255,7008,5099,621,3986,558,942,1047,6429,1445,405,3327,1074,2892,2340,3515,5498,5991,675,1756,88,5564,3112,5754,6256,6946,6561,1286,856,49
3376,6165,1118,4549,1335,2394,1814,1658,566,2041,783,3928,4581,1341,3470,5,719,560,4745,3205,2499,6367,4052,1630,751,2260,2282,5180,5454,2682,3072,1608,5339,6351,6368,1095,4903,5966,4376,325,4493,0,2861,5219
1276,1110,363,1231,3723,2903,5577,6494,1219,1746,8540,6099,670,1597,3362,2967,1624,4308,1184,767,7460,1016,1789,7205,7812,4173,7126,723,6,4907,788,5606,1262,431,8539,6021,2711,461,363,4662,8679,7879,1629,2719
6379,3571,4587,5578,2557,3027,6246,3021,4900,4332,3886,497,3267,6461,3492,6586,6486,3187,4209,1539,655,6489,6578,2562,3481,6213,6876,3922,1476,2720,349,5698,2104,4765,2984,4951,5651,6974,4562,5074,3472,5419,6750,6920
619,269,1779,2016,2945,285,4894,5247,5861,1567,1682,2078,4536,3658,1372,3042,4126,1164,3038,762,1992,3540,5795,944,6010,612,3304,2385,5697,3420,1009,664,3882,5347,623,1307,3222,1353,1067,711,4794,4247,3958,795
4341,3636,4816,2357,1888,3778,4377,4831,4819,5159,4765,5393,593,83,2185,4247,4020,4971,5381,2180,1653,5150,2169,2475,4264,3949,3060,4349,3193,5406,3205,368,1883,990,3627,4991,3973,2675,1408,253,2260,1516,5134,2991
6969,5067,3616,6063,2190,729,1044,3959,8396,4321,8738,5848,3111,7146,2257,5850,2063,2504,1962,7684,8497,7764,2153,4221,7334,5228,5264,3224,3542,4182,5156,793,5066,489,40,1061,3109,3860,3176,1202,194,1576,3484,2195
706,2718,2819,5015,3682,750,1964,3687,4826,4459,4875,5398,2856,809,1525,4068,3905,3624,4593,1129,1841,5758,3204,3389,5334,2770,1602,4979,3859,5479,5568,5001,5213,2339,2603,4335,3552,5678,2287,531,2727,2445,1265,4187,5629,5025
114,2808,267,3493,3461,199,2116,5038,4538,4824,4025,3595,3008,2084,3216,3511,1359,2602,3066,3888,826,16,413,3960,4050,851,90,3199,4194,2203,1140,385,584,2803,509,2643,1671,1731,1925,4713,2244,962,178
2996,4291,349,2286,1189,1343,929,3319,4986,2129,976,1504,377,4220,3092,621,480,5381,942,4101,4891,684,599,4552,1744,1603,3607,1837,5091,2774,5745,4338,4886,1838,2997,0,2579,876,2039,3505,1180,4576,1534,2277
8589,1006,9042,7391,2989,602,7560,4079,1316,3166,945,688,2184,4564,2410,3758,8916,7311,2032,3710,9623,6977,1190,4895,4307,4262,2989,2436,2093,5195,6619,7815,381,3758,1188,2664,8167,2528,9738,8751,6372,1295,1772,5607
1124,2763,2593,1868,491,5796,5152,5044,5237,4920,3519,1941,5235,3224,737,1002,2198,5506,2557,5586,1850,1852,3032,2295,1106,39,1027,1595,4107,1160,1986,730,4797,1292,62,208,3272,1408,3921,1341,1136,863,1823,429
2819,3834,4771,2084,2832,2561,2683,4588,4915,1118,519,1507,2203,3174,1542,3497,112,4004,213,1064,0,391,3502,3534,4795,1051,2281,2456,597,640,4412,3926,3707,1163,4215,2510,1809,3442,3989,2372,274,1366,1070,463
456,2056,3691,4919,188,6052,6573,4081,1741,2668,5079,411,973,1343,656,6413,5754,5400,5398,4901,1421,3132,6056,2143,5003,6065,1475,5273,4217,6156,845,1294,1423,512,1017,4641,1964,727,519,3175,6351,2323,4744,5000
4703,2560,1487,340,976,662,4253,4143,2642,1802,801,1121,782,641,2500,1833,2908,4043,4712,4635,3253,442,3133,4371,1687,2253,4281,4138,587,952,3562,3456,938,3136,4736,1090,720,894,3806,1537,3238,3549,4733,2238
2468,4295,3626,3979,2105,3445,680,45,2367,2134,2989,92,4300,2284,2667,358,1546,2984,3253,2746,3072,4105,1230,68,2293,2056,1346,1843,2782,1592,3689,2792,3949,2855,4368,3861,3249,2013,2505,2375,1120,4158,1759,3897
1004,387,2396,3734,7944,1938,3406,820,1527,6211,6835,1021,136,6931,5014,4602,516,8206,6836,7930,3469,1964,6676,881,3495,8171,7028,4542,4799,3786,2436,67,295,7583,6665,8147,1998,1614,1734,599,3487,6280,5747,787
3201,885,7399,6721,8019,8389,8728,8706,4970,4377,3147,5611,4272,9254,8338,5937,2271,4343,889,9387,1856,2904,528,3909,7090,6175,3064,3453,5102,6640,4867,2272,5876,5018,8089,7947,9103,7056,3335,1935,4179,692,5635,7443
1069,1248,3265,4063,4101,3516,3476,6969,6174,3193,4296,4318,3856,3850,1321,334,56,298,2850,721,375,2188,2439,6389,3378,2915,1932,3905,2426,2184,4757,2719,1436,3387,2642,3937,1886,5027,7074,2271,3765,5576,452,759
5376,1398,2746,2176,3734,6575,5726,5148,3223,2316,3494,5431,2688,5043,1273,1130,4032,565,3049,4742,3630,3893,1886,1989,2390,2589,2448,6168,5104,2172,2119,2847,148,4238,1100,5260,4059,5433,7021,3850,3377,5300,6879,6863
803,4771,4016,679,2833,1882,798,1769,4068,3333,3357,4843,505,4280,4770,3781,2173,202,544,1028,1316,4435,2008,758,2247,1287,3266,1446,461,3194,621,190,96,4055,4709,3923,3967,1222,967,4796,985,3773,712,2443
712,1108,2130,3543,2742,1873,109,449,682,2945,2755,2667,1358,1249,2066,2379,2313,2203,1794,1912,539,857,2040,3867,3906,3391,3860,4147,2594,928,1584,1477,2117,2764,1797,343,238,452,1422,2950,3384,3766,1985,482,2062,56
3506,6773,6859,1636,4602,1368,6428,3081,4581,4088,128,6495,6692,258,3104,3262,6428,2373,5384,5789,4093,5357,3593,365,3001,3686,7705,1270,4173,4670,2139,3719,4694,3260,7394,6231,7462,5048,3033,3660,4674,6284,5563,351,3073,1537,7162,3206,4897,5791,4331,5414,5469,118,3432,78,3748,6429,1345,6496,3963,2113,7437,4208,5329,595,7088,6576,2668,3297,399,3692,2960,2373,6417,4721,2265,2560,2434,4075,2511,5508,4545,5025,6829,6198,5074,3752,5559,4299,3828,2449,1438,6927,2130,5632,6590,6358,7463,5914,5458,2369,7435,6109
2659,4002,7007,4760,8312,11056,10763,11656,8481,3386,2467,1660,4159,6796,75,8844,12154,7269,2121,7718,12763,13008,2581,5204,5182,444,8584,7937,12043,2916,4335,6361,12200,1717,2546,5729,4927,7808,2728,2263,6196,6762,3517,5399,4511,8824,6055,6436,3420,4445,6997,5890,10299,12230,5259,3269,8160,11586,7875,6426,11343,2775,2766,3251,2225,2572,12433,5781,9357,717,3333,897,2210,9404,4361,4396,11944,11328,10336,1627,891,108,986,10338,10475,7398,4789,11245,3154,10678,10233,1055,1906,2049,9388,3691,12471,10693,12904,6429,705,10251,4288,6488
9002,9893,1739,5036,6350,11946,2848,9304,2075,11957,12115,2574,201,874,1014,3287,571,11935,2118,71,3073,1779,3865,3991,7968,9517,8025,548,7115,11777,10440,7289,651,8872,5414,2723,3416,3535,1193,3458,5274,9323,11612,10899,11051,7534,7741,1958,4882,11196,8687,7801,7936,10957,9979,3212,2407,6131,4243,10171,8145,5619,394,130,3625,2823,7241,5661,7972,9583,8306,330,3482,6517,11315,7051,9415,1153,2124,1083,6552,7538,5710,80,10781,5218,7962,4834,2068,7146,4717,1135,5371,8301,9437,9308,11748,9212,11058,11667,9986,9442,5258,3123
2000,1790,2006,4667,4963,5294,534,4207,2489,2967,5309,1317,768,4069,440,3978,4936,520,2244,2177,2774,2000,4418,3064,5240,3166,3861,4073,4033,5295,4133,4913,4810,4100,2741,5330,662,4211,3500,4092,23,953,902,370,1690,3814,4216,2329,4177,2850,4821,2198,4350,2432,4781,3056,2684,3798,5023,778,444,1424,947,5248,5220,4228,2627,3397,4494,1326,1688,3601,3244,2314,2879,3947,329,1412,4383,4522,3287,1260,1054,889,2177,4305,4020,3795,2664,302,975,2720,2976,979,4718,4690,3005,2104,2561,2814,4578,2558,4705,1742
3355,1001,2718,4750,2864,4208,473,3732,3685,5120,5284,5355,3943,2827,3324,213,2635,1817,4845,4988,1342,1470,4027,1025,5064,5260,3938,1474,2281,1028,4700,3280,5036,1745,1192,4790,4932,4825,1398,4655,1719,1401,3895,3552,350,322,3344,2116,5091,3865,2392,5364,5439,2040,1777,1516,974,1592,610,3629,4921,2781,4845,1652,1585,4217,5279,1863,1391,48,3783,4373,1945,5268,1479,1357,4577,4186,775,3285,5107,1627,4037,2124,1942,2962,1379,4486,3583,2127,0,93,365,4651,5246,5031,703,3384,549,3737,547,2539,584
135,4384,2772,1460,4126,438,3574,2700,3573,3116,2934,4665,1182,2735,900,113,3780,2631,2876,4981,2818,773,3101,1514,2068,1587,3652,3951,2342,4352,3441,3931,2609,444,4741,2802,538,1760,5140,1801,4566,3885,3329,1700,2989,3616,1754,3793,3895,3412,3213,4796,826,4767,1277,3652,1310,4320,3222,5135,2214,1382,4904,5224,298,2743,1733,2235,2975,3304,3491,4554,902,3417,3119,507,687,4100,4175,4003,1266,4156,4153,649,5211,5138,3821,3416,3473,5329,1247,4740,4117,3048,4163,2289,2291,631,2654,2113,2707,2151,5282,3212
1421,2892,3463,443,1714,2127,3863,377,5414,4725,15,161,3156,3764,4692,68,4979,5019,1850,2317,1872,3347,4615,5285,2679,2044,537,4780,4488,881,824,718,204,1470,1174,5570,1291,984,299,38,1691,4374,4418,4905,5147,5036,1698,5518,419,5630,4801,3234,4059,642,3415,4369,4278,443,2375,943,1658,3143,3413,3800,2213,4083,4475,2838,4749,19,1295,1214,2152,1759,2854,4735,1981,4036,2518,4909,4977,2881,4169,325,2406,3092,5345,5199,2401,882,338,516,540,1260,884,1754,1907,4954,4638,1052,2962,4426,4148
5539,5779,639,1862,5755,518,3358,417,4271,141,208,5390,2233,1997,153,1065,1685,5856,6041,4798,2835,2609,642,3901,4973,4738,2492,1837,6137,1679,4108,4971,4400,3063,5912,3014,976,4180,5708,5778,5573,1623,3500,2908,4148,1860,4160,3741,1512,555,3883,5136,6030,5451,6010,5947,1030,5109,4538,2984,2079,1964,1384,1147,5364,4666,4172,834,904,2434,2162,3122,5840,1067,195,533,391,1030,1629,3290,147,1149,1731,3757,3695,2201,4027,846,1619,250,2969,1501,3463,4801,776,2515,2551,2507,2311,2643,2469,1085,3784
372,3593,3026,977,702,2081,4346,2937,2345,4024,5125,4803,2853,3485,1813,3534,69,1370,743,5344,87,3468,1102,1197,731,3801,300,5758,6072,4819,5289,2571,5978,5101,1147,5664,1194,1402,2657,4729,5353,2912,2812,4885,384,1289,4899,5436,4887,4598,5771,2277,4799,471,3516,5266,5085,3330,3357,5336,5217,5179,4816,2264,477,1317,1842,4907,3273,5011,4299,4164,2543,2926,2948,2845,5790,2794,4588,3324,3455,1110,4596,530,3392,5175,5252,5534,725,4012,3862,4268,3351,1212,919,2839,5545,4574,5152,5824,4600,6124,3054,1535
5776,6393,900,5041,6034,733,2975,391,5645,2112,991,5907,2778,3725,332,6656,5380,6376,6111,1747,3452,3930,5732,977,4202,607,4130,4200,739,2974,4263,2707,3938,1476,1567,4932,2124,3115,5430,6551,1421,6735,6117,3354,2716,6499,6114,1936,4054,4573,2913,4745,4776,4671,4863,4133,6388,1531,4361,227,1399,6230,5281,1940,1422,5582,5357,2510,3729,5889,6685,5985,2252,991,5632,4818,3937,4071,3938,4261,1762,3736,1015,489,5675,5625,6008,6203,196,6340,5276,4377,3542,6523,2567,3484,6310,5537,5442,2898,5410,6177,2998
3059,6312,1041,6022,293,5568,2400,6415,4054,3807,5490,5198,4382,5757,3528,6142,4249,3285,6375,5406,2595,6197,731,4819,3170,5829,4328,1094,5482,6231,4571,3770,4565,4972,1164,4493,1074,5611,4280,6065,4395,2836,4394,1003,2968,3116,5202,5583,4775,5581,6035,3668,1637,1024,4253,4564,1213,2496,3792,1539,4659,5444,1029,2718,413,4186,5257,755,5153,3679,1905,3981,5523,4830,5155,5790,846,3973,6949,719,4718,4761,1141,1674,6448,5897,1475,5614,2275,4099,3717,2966,1556,2763,2338,5907,2841,2057,6173,2026,4945,1213,791,6766
3436,6920,878,1883,2083,2174,323,5631,5740,2928,605,7010,6920,3067,4369,3423,4777,673,4480,6469,4027,6576,5480,5198,4213,6179,4573,2209,472,6564,6924,5920,6321,4540,1366,2006,4106,6351,4187,2761,5952,4995,1439,1498,1307,437,6770,3570,5979,3038,1396,5309,6394,5737,772,3251,6728,5755,2547,6267,6065,5044,2329,1127,7348,1526,3750,6542,6300,7398,4684,5295,530,1834,2914,5236,2142,4130,3795,3342,1564,4236,5258,5104,3914,5972,3377,5644,452,4918,2136,6175,121,545,4656,5783,4454,3690,1091,6934,3474,6320,3264
4513,6540,3098,6140,5179,3320,4091,637,2977,6343,3432,6864,3630,6153,6093,2637,1875,1914,2089,2495,2098,595,3396,2266,5680,4141,877,5361,3611,3134,401,1124,4810,4145,4101,1998,5476,3646,1669,4288,3233,2892,1850,6466,4841,3718,1185,1050,1418,4092,6772,6594,4484,2274,3680,6559,3660,921,6697,3239,6618,5425,1789,4897,1706,6112,2990,1892,611,5547,1156,1341,1547,171,5120,754,5711,5751,937,380,2469,4734,367,184,0,1330,765,4538,6498,5718,358,3656,4024,4290,5709,1770,2382,254,2037,1825,4486,4913,3793
5648,515,5292,4755,425,3730,320,6376,3006,5441,3609,5872,2755,5779,4092,4658,3407,3873,5695,2917,7063,5342,7122,6713,6429,4134,2052,736,6561,463,384,5180,5229,2353,5236,1436,5973,1521,4009,4093,5822,283,6213,1535,3591,519,3390,257,1924,5705,31,5683,1860,1861,4776,5122,3145,5864,2691,3675,1512,5140,6829,1382,1862,7346,1999,3314,3645,6843,2526,6423,7053,1479,6655,7154,4674,93,6799,7340,3135,6736,3633,5201,1012,3599,6033,4386,2576,6401,0,297,2163,5518,6550,2785,4522,735,5072,6183,3398,6139,4384
4472,615,6894,7501,2738,159,5007,371,248,4596,1678,6806,6116,3344,5781,7419,2149,1931,1217,4823,7455,8175,7769,6419,6007,6863,3096,4392,3477,1397,8057,5096,5965,5632,2691,7957,2804,2969,504,8292,378,7731,7762,3475,142,4391,7915,391,5396,5477,3993,7426,1430,7471,4435,3767,5997,2437,5045,3248,6228,3425,5739,7191,5527,5638,4805,2543,1640,3762,7265,6187,5545,3377,8047,7862,6690,954,7548,5666,6926,7197,826,5283,6452,1300,8004,7729,5405,4718,5608,6792,1247,6427,3809,103,7091,5498,3540,1416,4211,4781
379,468,2605,1733,3772,1966,688,794,3336,3458,4441,3268,547,2961,2575,3498,3812,1740,2965,4436,2400,428,3866,4227,530,247,2823,3821,1262,1185,2192,909,3636,2162,133,1762,2695,1161,1397,358,553,3676,713,376,152,1311,899,2082,932,1242,1160,1368,709,2448,896,4305,3767,4076,743,2447,1796,3780,2403,4295,3760,80,1647,1938,2606,4009,1518,2431,260,2001,2197,81,1602,1971,4026,3289,405,2501,1702,265,1255,4261,2000,2526,2071,3483,230,2033,677,3905,144,1181,3062,742,963,690,4164,2970,2297,824
1243,4051,3941,1036,2611,2325,917,1160,2035,2535,4385,367,684,311,1830,4387,4283,3953,462,1083,80,212,2207,2347,3003,1166,2917,1666,1428,2217,2151,2138,2504,0,2723,3077,2793,3006,3880,2267,4169,602,2789,958,2117,951,3771,2466,1256,3227,3671,2077,1086,1623,2471,103,468,402,3210,1265,4174,2320,252,2828,395,2767,3477,3225,4188,1675,2684,3697,913,4011,1792,3179,2893,4052,3415,3486,1075,107,524,1436,1330,1905,3374,4312,764,1712,321,2936,2351,1991,4155,3622,2392,3778,3173,2333,1321,1881,685
3705,426,287,5044,3524,7202,4550,575,7571,2943,5991,2696,5488,3902,971,4565,1695,5088,6077,4050,4516,4262,7190,4739,2618,3481,4391,4383,6262,4560,6263,5106,2040,2945,6731,5745,2205,1924,2651,3105,6621,7450,2814,6299,5384,560,2602,7275,745,2940,4594,1926,1313,4216,4053,6655,5785,5299,6107,7106,2105,1901,2339,5201,72,5639,1120,56,6448,3319,2452,6502,1618,5999,4624,7588,5376,5526,576,3559,4750,156,5755,4719,3292,4777,3304,6396,4959,3743,7664,5728,2149,1552,6890,2202,6391,0,3491,7164,1798,79,1909,5577
6543,6311,4668,249,6657,6520,1182,2467,5913,590,3995,81,1878,2907,7384,5524,3314,2042,6876,4580,5191,1917,4679,5048,2405,5363,6773,6971,7219,7136,6233,1536,1224,1369,6705,2745,4977,4898,5707,733,4263,3449,3530,5116,4314,1949,5002,4780,3392,5940,1128,4908,1678,3928,7289,1092,5967,5220,640,1636,2072,2037,1105,1701,5605,5482,3643,7344,2631,4230,7285,297,3776,3725,6015,6224,3029,3113,2744,3054,7248,5048,3605,377,617,5987,7196,4194,3526,4835,3001,7525,6542,5862,4989,5045,7518,6223,2853,886,1970,827,3620
2151,3449,987,2943,7098,4759,3739,3363,0,8102,1103,8111,88,4862,2225,123,4379,276,2603,2368,8107,3370,3174,2532,189,6073,6217,5319,4031,3541,5286,6665,1102,3577,7400,5556,1093,3930,1196,7486,7781,6313,6666,4541,7869,7106,1216,6370,7833,623,1677,2335,6471,7789,3657,3577,4478,1846,3652,5463,7917,833,8036,4480,147,2629,2746,2,6631,5596,3973,3848,6504,3683,1003,684,7124,7208,4156,3613,8062,7738,3073,4814,6234,5132,7960,7082,1372,5800,5556,6043,5601,1585,388,5138,5569,5996,2831,6563,1390,6376,2169,2735
2872,3457,4866,2560,3593,63,2455,1112,3746,6632,4068,1942,6353,5946,6627,5529,2760,6483,4011,7990,5721,6857,7351,6828,4123,7668,7910,5308,2826,6863,5064,5410,447,6995,6552,5351,7804,3897,393,473,3040,5885,5046,4889,5680,6499,6179,4118,6550,4829,7709,7196,1698,5482,235,6763,503,6456,2384,2771,4713,6970,5555,5691,7687,5979,7388,5135,6433,6499,1708,5616,2123,5821,5070,7487,4198,4553,1433,5478,6731,5286,5398,7614,2143,472,7242,4942,5403,1026,2393,2848,209,3311,6618,1560,1490,2440,1940,855,4470,6384,7766,2274
4264,2438,4298,1638,1890,1869,2806,2422,2027,3618,2851,5702,5063,6070,4076,4903,3676,6352,1617,3699,1215,5918,5571,3058,6243,1808,3935,3023,1943,103,2667,4150,327,4803,5848,3045,4732,2972,3028,4506,2463,2786,2948,4178,3559,3258,4544,3835,5519,5757,1859,324,255,5752,1962,4532,4515,5079,3796,3152,3657,5338,6416,1628,2708,1565,4566,6266,2467,2274,139,4277,4480,3575,5339,4865,1115,3679,4176
6902,3382,5399,2070,1195,1780,713,4337,3748,6751,1046,5900,755,3148,3574,4351,2760,5063,5997,6669,5721,5821,6767,5560,3742,760,5102,4614,3256,2446,2409,1580,3914,2266,6291,2785,2152,573,49,3232,3700,4471,4213,2208,1492,1118,3657,3081,2049,3001,6305,6083,2142,1879,6224,3030,2288,88,5531,6240,4134,1744,4109,6115,2304,6249,4469,4962,0,2648,4130,6666,181,5390,3148,2106,1283,1228
695,4536,1813,5019,1541,2255,110,5800,4943,6315,3769,667,6106,6788,4293,2579,1870,5337,375,4320,5794,299,3411,3463,4483,6365,2518,1761,412,901,473,173,6185,6571,1736,1207,7199,6363,1417,5952,2012,1041,328,1867,5964,575,1410,5653,500,1628,231,6091,4452,519,1042,116,1683,188,4280,1442,4050,3635,605,3533,1960,5579,3675,3649,6906,6771,6326,5411,6777,316,5088,6929,2864
1146,60,3887,4109,5628,3598,3240,6046,2649,1681,718,17,2541,3710,4613,1538,4351,1913,5245,5927,2092,3578,6758,1985,901,3429,4560,2556,5749,2995,4715,3431,6198,4300,6241,3574,93,2042,4232,2557,3703,49,1838,107,1875,3531,3003,5067,5722,5712,439,950,1299,6532,4662,3901,2292,4205,5615,2147,6196,6708,5330,3263,349,1139,385,306,4884,5416,6702,3565,2923,655,5206,499,2401,1306
847,5194,3718,4787,2657,5605,3891,1064,1217,3857,3687,3868,3274,3493,4624,2428,4259,2725,4627,1668,5201,701,1715,4115,2320,1687,1138,1293,1652,752,4689,1477,695,2359,3465,4276,3912,5136,4567,978,3235,4982,5424,2620,5044,863,4242,4527,37,3148,5410,2806,4048,1072,1403,3460,3148,2951,3761,2535,1923,5379,2482,175,3758,3734,4712,5366,446,4605,364,790,281,3708,4495,3954,1691,4240,5105,3873,5022,1888,5245,3364,3897,3709,2408,5028,5328,1733,2404,768
2714,820,5917,3833,4321,3960,1612,512,1306,742,4433,2983,2680,6659,6891,7024,3866,4561,4532,1325,1957,758,4746,5489,5644,934,2424,4506,1758,4345,4773,3257,4664,5039,2872,1579,1280,1457,4306,1946,1674,3333,3752,3032,4618,2788,4138,6307,5425,1057,539,2524,2618,3973,367,6620,3179,4436,1138,2274,2922,475,293,2286,1577,4414,916,158,511,572,4966,3498,426,2307,6467,4833,136,256,2606,806,897,1661,5394,4793,1446,5032,4044,1145,6136,6302,1154
4949,7295,7256,8315,7107,8423,7532,7651,6694,8154,8187,8517,5171,4254,3955,5515,474,7793,3323,3360,3948,5869,6517,7597,6689,2340,5956,4123,3914,5121,2467,739,1037,3215,4447,1043,4972,3368,6504,2083,3258,1151,3469,3622,4712,6879,954,4852,3588,3401,7265,7251,7813,8163,8337,5758,4821,3152,1280,2353,1773,153,7997,3429,7728,1663,8144,1819,6290,2133,5854,4433,7578,5929,7521,5352,5524,5904,5698,2775,5845,2616,144,182,2179,6379,6323,4896,3405,4472
3743,5123,4042,5146,3578,4072,4529,4331,1984,1466,2273,5070,3903,5740,3583,4927,2877,629,567,4571,3013,3500,5184,5035,5653,4446,41,1484,3396,1483,2267,4188,3656,3243,2836,3391,5163,321,3447,31,3545,2134,3804,3987,4508,353,5713,4255,4665,5146,4071,3814,5622,1612,1853,1505,3144,4266,4444,415,4474,4533,4514,1997,1709,4311,5547,5069,1490,4162,4432,1728,4797,30,2484,1020,1191,4426,2641
6093,4130,3663,4555,4059,5320,5783,4069,2131,6408,3000,5189,4167,5191,5059,2825,2379,6400,1996,6350,6436,4756,4421,5541,3054,2595,5125,2863,3547,4150,3669,4576,6225,1447,6159,5448,3235,3448,4149,4628,5946,3454,3489,576,1412,2376,1580,1289,3232,4214,3092,4371,6277,1909,4041,5009,320,5237,5862,1626,633,3041,4936,782,3363,2999,6509,4929,2187,372,6182,2670,998,3566,4600,4526,508,1124
2254,6190,828,660,4289,1457,966,4140,1223,1086,2064,6746,1600,4750,4243,5429,807,512,1306,90,3353,450,3826,3774,5220,1199,3715,4802,295,1578,4054,2071,4561,7257,4514,6333,3714,6920,3744,1554,7017,3377,2144,3916,1414,1339,3171,709,6929,6642,1621,2244,3916,273,5172,173,5348,2718,252,1548,2066,1733,3113,486,2652,3195,1697,4275,1071,3146,1137,873,1964,4766,325,1365,3678,5361
7465,3661,1578,3880,3064,7152,1226,3938,1553,2717,408,8058,3845,1964,1450,2884,4218,2814,8556,4239,2608,6078,7641,7216,3647,2613,693,4964,1927,2146,1567,5311,7234,2097,5479,6537,3325,5027,2944,2207,2786,4561,6653,8071,4355,4549,7541,8585,6697,95,5874,1360,591,1029,3347,1699,2684,1684,4999,5181,2895,2824,3560,4428,7795,6262,7518,6240,1080,533,371,2315,7806
4668,4358,937,7,2755,3138,614,865,875,3622,3366,2924,5161,3833,3320,1830,602,4437,4802,3390,501,3128,4372,2172,2871,243,3005,2487,3484,2913,2862,5107,4140,3972,5528,3247,1157,51,151,5010,5526,4656,4884,926,51,717,5079,5008,5007,1180,4006,131,2154,166,5190,3336,2891,5400,672,5044,3388,5317,4113,3673,4788,5514,3592,3514,4830,4388,1492,5148,4389,2536,3977,4572,4199,3805,1838
4744,4492,2091,5873,5873,6433,1013,1545,1254,5508,4441,935,3746,4187,5207,3941,1256,4115,5507,5964,619,3968,3608,4368,4065,5514,2688,4417,1954,2716,5436,1708,2578,265,2374,2102,4944,4102,5772,2313,4733,1044,2519,2789,869,4491,758,4942,357,1965,2891,3527,3350,6180,3941,3068,4146,6381,5865,3730,3503,259,2193,4727,3293,5536,5468,2445,2372,3151,3495,5263,4666,4096,3239,3989,3328,1019,5821
3590,4048,983,2473,106,1469,292,2749,3400,3913,4442,1773,3997,4551,2232,4950,1200,4331,1599,4776,3815,4071,1174,3171,3447,1365,3673,152,1791,4572,4024,4532,3490,4917,2015,865,177,523,1992,4632,4069,5004,4942,3588,3483,718,1986,3432,362,1933,1600,1195,3059,4641,196,4085,2724,2643,1811,4016,5006,4242,4582,4706,4683,2575,157,2310,304,3119,679,109,1593,2443,4891,2759,3092,1272,586
6100,4236,1216,517,3843,1064,5310,2318,2589,1380,1166,1718,1365,587,1272,2827,1918,366,7498,7464,7402,1324,3726,2287,1973,3880,2150,2734,7891,3346,3458,1584,2464,7304,5553,1358,1607,3289,5103,2891,5719,1361,7420,7603,2868,5982,3489,5647,5082,1172,530,2854,1083,5950,7414,3962,1381,1495,4361,1735,1511,4227,1538,2148,4621,7580,3093,5362,2556,4838,5624,5058,4066,1037,4933,7229,3471,4962,6930
180,1130,184,3511,6547,1078,4211,4255,3631,3952,6048,979,5089,4012,276,3505,4837,6218,4625,2355,3412,3216,4459,3806,5355,5846,6185,4315,1780,2324,3379,4666,6551,4928,5270,4370,1319,6019,6380,1426,5979,3480,4507,4193,5374,1106,286,1437,2501,1601,4165,2462,149,4678,4494,3533,3791,106,5527,4151,5928,2786,4759,2994,2415,400,3130,3897,4070,600,5743,4444,4876,6098,4734,5720,4702,3392,250
4569,5580,1973,1875,5149,5424,1542,3863,3787,102,1757,6260,1049,6204,1282,2642,1395,127,4475,1977,2975,2587,5985,2830,3679,3922,5697,6340,722,388,3536,2678,856,0,3961,2436,3377,5507,2290,613,2597,5903,5772,1777,2563,1489,760,2865,3927,1760,2490,5300,4896,958,1059,2657,4592,2505,1768,5725,6297,2828,4790,5316,187,3084,2930,2116,6220,1270,3711,1829,3398,1148,1851,3836,5363,5283,2026
2297,4573,3804,4328,2676,4360,1224,795,5934,3815,3477,2462,2364,4098,5957,3810,3320,4612,1035,1311,1459,2786,3858,2781,3905,2982,3313,204,159,4320,305,2968,4309,5677,3895,500,4887,2683,943,2347,2724,4528,2569,2249,3572,3298,1842,2632,1787,3915,3884,4296,2708,4355,2761,5096,5146,3186,5632,540,2498,1493,5459,3327,5441,2654,518,3483,2961,4948,3927,4504,3583,3566,5416,4565,5792,1352,2236
3191,3360,988,887,429,1458,1663,3000,2311,1073,391,4536,1159,994,938,2179,4229,2643,1459,181,463,31,126,2393,4422,630,1241,3617,4664,3614,45,535,1895,3744,1140,2347,240,297,2222,4727,1514,432,1687,3923,4198,836,2568,2099,4833,4407,84,5112,3625,2756,3167,3161,1054,2362,1920,4113,4333,2617,2041,810,760,4710,4270,756,538,4104,1507,2396,1803,907,249,1280,2158,4981,3672
680,1379,1866,1021,2158,2936,3148,2048,2590,3042,1770,3074,980,1629,1559,2288,4683,5336,5437,4801,563,2282,52,5500,4390,1838,1910,2177,2194,5636,5403,2312,2293,3618,4143,2976,4025,1717,5827,837,2664,2323,853,4746,1911,129,3844,4741,5564,5762,5374,4033,2246,4798,3573,5178,4797,943,713,943,3301,4868,362,4728,4328,3718,4528,1860,2203,711,1091,939,1060,4035,5734,5170,4113,543,4641
4864,2251,2037,2987,559,2617,4599,1937,2247,3992,1834,2243,3059,4179,3070,2001,5087,3256,4522,3658,3023,1772,4809,2060,3494,5224,2299,1746,2461,3077,2836,3649,4133,1751,1328,5114,5281,3121,4024,2884,157,3587,3776,4989,4861,273,3376,1309,2002,3350,779,2415,5119,4303,1123,2855,3895,3794,4242,3084,3976,883,1457,3581,3168,1664,4442,2609,5338,3623,4510,837,4127,4560,3832,477,1963,3002,3352
5254,2171,1128,1786,1495,754,3443,2714,1112,2548,2487,1869,1522,3864,2902,1908,1541,1735,1947,3694,4572,4985,2600,92,238,4595,446,2378,807,3718,2845,1820,595,932,2296,2361,790,4639,2572,5038,5442,743,3665,4235,4932,4025,624,73,1513,2001,1996,4731,4479,3347,3179,2133,2918,4379,2657,3356,3588,1756,864,175,113,4720,2322,1247,1052,624,982,3506,3303,2748,3570,4809,4009,662,2179
1079,3931,5810,3236,5355,3145,2417,4399,2602,5280,466,5492,450,3067,3620,882,3761,4605,2135,3215,3867,5041,2303,32,422,4573,5708,2538,644,561,863,4825,2820,5626,5012,2431,808,186,3639,663,2705,3150,2327,5724,3766,3430,4858,5706,5850,3321,19,2480,1912,531,4021,2241,2917,4632,5944,3082,4697,2022,5378,3474,5710,5533,3017,6147,3284,1724,2635,4952,3122,1742,879,1846,2352,3416,5472
3307,74,702,4339,183,3230,4465,5492,476,620,3356,5279,5433,5264,3075,586,3426,2854,2473,4537,3942,2526,3074,1031,5638,5307,5665,4912,3690,895,4871,971,3830,3024,3512,2785,1302,4432,5748,4489,5392,4281,889,76,3260,5451,4754,2220,131,1470,1096,3656,2777,6051,4837,2963,3808,312,1513,91,187,1891,2333,3513,3675,3677,2371,736,4965,5609,1491,337,1648,245,653,1806,836,4846,5322
740,1953,473,809,699,1141,1996,1730,1208,580,1892,1847,2175,2052,1174,1990,1717,861,858,1141,1282,460,1626,1743,1259,191,875,81,1961,1146,1446,1652,1932,1266,282,1826,2107,526,316,1853,1529,474,1703,734,1274,1627,107,1991,811,1356,1390,999,915,1930,759,1366,1866,2134,1679,1764,1885,2210,2078,1348,788,2285,204,1771,239,941,1484,1232,1365,841,1193,2031
730,205,1623,1329,218,444,1410,866,1459,301,1857,588,634,1661,1462,540,1281,97,881,1159,1586,319,2379,2500,2128,610,1222,272,995,0,58,1770,1054,1293,2432,2076,1661,1438,2247,977,1113,1294,708,2387,1008,2292,972,1419,1042,1159,851,1481,593,190,456,2341,2582,455,364,1621,2494,2051,795,268,925,574,1458,1382,2485,649,1058,679,1777,447,2216,1184
2179,1744,358,280,769,1283,230,1980,446,2175,1185,2320,41,1343,863,453,1958,393,73,258,813,1525,1139,1740,843,1121,1198,2224,26,861,1955,1797,741,2012,898,21,2083,1434,2332,950,844,253,815,748,1254,143,1715,1494,1669,2121,63,1711,313,1153,174,1797,484,418,1155,780,2254,1420,1786,309,0,1351,238,955,1060,421,426,1660,1773,1879,826,1977
117,974,653,1673,736,1681,990,1182,343,1399,57,492,1354,947,1673,2346,2123,651,2291,282,431,780,1178,965,916,1910,885,2038,1129,1898,2333,1856,914,1060,611,122,770,1441,921,819,314,2203,1855,179,1147,583,841,723,228,1732,1919,1935,1294,766,387,2267,0,610,2101,1710,534,769,1844,644,1975,1264,1566,1461,2116,782,1332,2206,971,749,109,1962
1009,2184,1921,886,1784,68,774,671,0,321,1707,1964,1253,10,577,133,2335,2148,1993,723,799,1406,1102,45,2259,1548,1961,1527,2177,1665,395,647,1268,1661,797,1718,1749,453,1191,1358,672,578,258,14,1411,1990,1501,244,444,542,1062,2190,2177,1998,66,1947,1428,2229,1453,790,514,1861,1458,907,1805,66,247,1428,954,293,496,945,801,2063,206,1153
